anchor_key,display_name,n_mentions,source_cluster_uids
ghost,the ghost,1300,chunk_000::cluster_011|chunk_000::cluster_188|chunk_001::cluster_016|chunk_001::cluster_102|chunk_002::cluster_002|chunk_002::cluster_048|chunk_003::cluster_002|chunk_003::cluster_003|chunk_004::cluster_000|chunk_005::cluster_001
virginia,Virginia,579,chunk_001::cluster_089|chunk_002::cluster_010|chunk_003::cluster_041|chunk_004::cluster_009|chunk_005::cluster_000
mr otis,Mr. Otis,408,chunk_000::cluster_000|chunk_001::cluster_000|chunk_002::cluster_005|chunk_003::cluster_014|chunk_004::cluster_007|chunk_005::cluster_019
twins,the twins,134,chunk_000::cluster_069|chunk_001::cluster_063|chunk_002::cluster_004|chunk_003::cluster_015|chunk_004::cluster_004|chunk_005::cluster_026
lord canterville,Lord Canterville,116,chunk_000::cluster_005|chunk_001::cluster_039|chunk_002::cluster_055|chunk_003::cluster_057|chunk_004::cluster_011
mrs otis,Mrs. Otis,110,chunk_000::cluster_041|chunk_001::cluster_001|chunk_003::cluster_058|chunk_004::cluster_012|chunk_005::cluster_016
cecil,Cecil,82,chunk_005::cluster_025
group,the group,54,chunk_004::cluster_078|chunk_005::cluster_012
family,the family,50,chunk_001::cluster_002|chunk_002::cluster_000
his room,his room,49,chunk_000::cluster_159|chunk_001::cluster_064|chunk_002::cluster_016|chunk_003::cluster_004|chunk_004::cluster_014
otis family,the Otis family,48,chunk_000::cluster_075
gipsies,the gipsies,36,chunk_003::cluster_139|chunk_004::cluster_087
mrs umney,Mrs. Umney,31,chunk_000::cluster_078|chunk_002::cluster_128|chunk_003::cluster_092|chunk_005::cluster_092
little duke,the little Duke,29,chunk_003::cluster_056
